{"cameraMode":{"drawMode":0,"name":"Shaded","section":"Shading Mode"},"sceneLighting":true,"audioPlay":false,"sceneViewState":{"showFog":true,"showMaterialUpdate":false,"showSkybox":true,"showFlares":true,"showImageEffects":true,"showParticleSystems":true},"in2DMode":false,"pivot":{"x":1.772653579711914,"y":2.17578125,"z":3.1890869140625},"rotation":{"x":-0.7107068300247192,"y":0.0002141093136742711,"z":-0.00021790737810079008,"w":-0.7034921050071716},"size":5.284693241119385,"orthographic":true}